{"cameraMode":{"drawMode":0,"name":"Shaded","section":"Shading Mode"},"sceneLighting":true,"audioPlay":false,"sceneViewState":{"showFog":true,"showMaterialUpdate":false,"showSkybox":true,"showFlares":true,"showImageEffects":true,"showParticleSystems":true},"in2DMode":false,"pivot":{"x":-3.014618396759033,"y":3.064192295074463,"z":-1.9381046295166016},"rotation":{"x":0.008824553340673447,"y":0.9688233137130737,"z":-0.24512603878974915,"w":0.0348820686340332},"size":33.78702926635742,"orthographic":false}