{"cameraMode":{"drawMode":0,"name":"Shaded","section":"Shading Mode"},"sceneLighting":true,"audioPlay":false,"sceneViewState":{"showFog":true,"showMaterialUpdate":false,"showSkybox":true,"showFlares":true,"showImageEffects":true,"showParticleSystems":true},"in2DMode":false,"pivot":{"x":0.5241284370422363,"y":0.532355010509491,"z":1.1635816097259522},"rotation":{"x":-0.11792109161615372,"y":-0.6904609799385071,"z":0.1156092956662178,"w":-0.7042675614356995},"size":2.8578836917877199,"orthographic":false}