{"cameraMode":{"drawMode":0,"name":"Shaded","section":"Shading Mode"},"sceneLighting":false,"audioPlay":false,"sceneViewState":{"showFog":true,"showMaterialUpdate":true,"showSkybox":true,"showFlares":true,"showImageEffects":true,"showParticleSystems":true},"in2DMode":false,"pivot":{"x":5.254559516906738,"y":2.315291166305542,"z":-6.964510917663574},"rotation":{"x":0.1298641860485077,"y":0.4090203046798706,"z":-0.05893157422542572,"w":0.9013128280639648},"size":34.94688034057617,"orthographic":true}