{"cameraMode":{"drawMode":0,"name":"Shaded","section":"Shading Mode"},"sceneLighting":false,"audioPlay":false,"sceneViewState":{"showFog":true,"showMaterialUpdate":true,"showSkybox":true,"showFlares":true,"showImageEffects":true,"showParticleSystems":true},"in2DMode":false,"pivot":{"x":31.950748443603517,"y":1.932386040687561,"z":4.74944543838501},"rotation":{"x":-0.0010526557452976704,"y":-0.7123895883560181,"z":-0.0010686024324968458,"w":0.7017826437950134},"size":8.396553993225098,"orthographic":false}