{"cameraMode":{"drawMode":0,"name":"Shaded","section":"Shading Mode"},"sceneLighting":false,"audioPlay":false,"sceneViewState":{"showFog":true,"showMaterialUpdate":true,"showSkybox":true,"showFlares":true,"showImageEffects":true,"showParticleSystems":true},"in2DMode":false,"pivot":{"x":12.94270133972168,"y":1.6491436958312989,"z":3.2375473976135256},"rotation":{"x":0.08553675562143326,"y":-0.8426458835601807,"z":0.14058320224285127,"w":0.5127063989639282},"size":4.277200222015381,"orthographic":false}