{"cameraMode":{"drawMode":0,"name":"Shaded","section":"Shading Mode"},"sceneLighting":false,"audioPlay":false,"sceneViewState":{"showFog":true,"showMaterialUpdate":true,"showSkybox":true,"showFlares":true,"showImageEffects":true,"showParticleSystems":true},"in2DMode":false,"pivot":{"x":32.21415710449219,"y":1.7064738273620606,"z":-4.697802543640137},"rotation":{"x":0.02769329771399498,"y":-0.9308652877807617,"z":0.07219132781028748,"w":0.35708722472190859},"size":8.244242668151856,"orthographic":true}