{"cameraMode":{"drawMode":0,"name":"Shaded","section":"Shading Mode"},"sceneLighting":false,"audioPlay":false,"sceneViewState":{"showFog":true,"showMaterialUpdate":true,"showSkybox":true,"showFlares":true,"showImageEffects":true,"showParticleSystems":true},"in2DMode":false,"pivot":{"x":0.5308352112770081,"y":0.9718687534332275,"z":-3.5594799518585207},"rotation":{"x":0.06120539456605911,"y":0.8524895906448364,"z":0.10252192616462708,"w":-0.5089249610900879},"size":2.1957826614379885,"orthographic":false}