{"cameraMode":{"drawMode":0,"name":"Shaded","section":"Shading Mode"},"sceneLighting":false,"audioPlay":false,"sceneViewState":{"showFog":true,"showMaterialUpdate":true,"showSkybox":true,"showFlares":true,"showImageEffects":true,"showParticleSystems":true},"in2DMode":false,"pivot":{"x":-7.970448017120361,"y":0.023180007934570314,"z":-9.743612289428711},"rotation":{"x":0.39016830921173098,"y":0.00028872740222141147,"z":-0.00012200985656818375,"w":0.9207435250282288},"size":8.866701126098633,"orthographic":false}