{"cameraMode":{"drawMode":0,"name":"Shaded","section":"Shading Mode"},"sceneLighting":false,"audioPlay":false,"sceneViewState":{"showFog":true,"showMaterialUpdate":true,"showSkybox":true,"showFlares":true,"showImageEffects":true,"showParticleSystems":true},"in2DMode":false,"pivot":{"x":18.209197998046876,"y":0.9249547123908997,"z":1.7758781909942628},"rotation":{"x":-0.05908070504665375,"y":-0.9406095147132874,"z":0.24852325022220612,"w":-0.22360578179359437},"size":4.277200222015381,"orthographic":false}