{"cameraMode":{"drawMode":0,"name":"Shaded","section":"Shading Mode"},"sceneLighting":false,"audioPlay":false,"sceneViewState":{"showFog":true,"showMaterialUpdate":true,"showSkybox":true,"showFlares":true,"showImageEffects":true,"showParticleSystems":true},"in2DMode":false,"pivot":{"x":26.32535171508789,"y":2.0,"z":-4.244564056396484},"rotation":{"x":-0.009562424384057522,"y":-0.9785731434822083,"z":0.2003011554479599,"w":-0.04671844467520714},"size":3.6876046657562258,"orthographic":true}