{"cameraMode":{"drawMode":0,"name":"Shaded","section":"Shading Mode"},"sceneLighting":false,"audioPlay":false,"sceneViewState":{"showFog":true,"showMaterialUpdate":true,"showSkybox":true,"showFlares":true,"showImageEffects":true,"showParticleSystems":true},"in2DMode":false,"pivot":{"x":-5.298906326293945,"y":2.502047538757324,"z":4.651015281677246},"rotation":{"x":0.20634408295154572,"y":0.21234457194805146,"z":-0.045925915241241458,"w":0.9540559649467468},"size":35.76259231567383,"orthographic":false}