{"cameraMode":{"drawMode":0,"name":"Shaded","section":"Shading Mode"},"sceneLighting":false,"audioPlay":false,"sceneViewState":{"showFog":true,"showMaterialUpdate":true,"showSkybox":true,"showFlares":true,"showImageEffects":true,"showParticleSystems":true},"in2DMode":false,"pivot":{"x":10.432392120361329,"y":0.7133499383926392,"z":13.200027465820313},"rotation":{"x":0.3552238643169403,"y":0.08704616129398346,"z":-0.033243417739868167,"w":0.9301257729530335},"size":52.13759994506836,"orthographic":false}