{"cameraMode":{"drawMode":0,"name":"Shaded","section":"Shading Mode"},"sceneLighting":false,"audioPlay":false,"sceneViewState":{"showFog":true,"showMaterialUpdate":true,"showSkybox":true,"showFlares":true,"showImageEffects":true,"showParticleSystems":true},"in2DMode":false,"pivot":{"x":12.411170959472657,"y":0.47159266471862795,"z":10.612448692321778},"rotation":{"x":0.04940534383058548,"y":-0.8195062875747681,"z":0.07147765159606934,"w":0.5664445757865906},"size":4.549180030822754,"orthographic":false}